P: -file,C:\Users\ofer.guthmann\Dropbox\AlgoInLogic\proj\smuc\banchmarks\QF_LRA,sc-25.base.cvc.smt,9000,
P: -file,C:\Users\ofer.guthmann\Dropbox\AlgoInLogic\proj\smuc\banchmarks\QF_LIA,FISCHER3-2-fair.smt,0,1113,121,120,1,0,35,369,
P: -file,C:\Users\ofer.guthmann\Dropbox\AlgoInLogic\proj\smuc\banchmarks\QF_RDL,skdmxa-3x3-18.base.cvc.smt,9000,
P: -file,C:\Users\ofer.guthmann\Dropbox\AlgoInLogic\proj\smuc\banchmarks\QF_LIA,FISCHER5-9-fair.smt,9000,
P: -file,C:\Users\ofer.guthmann\Dropbox\AlgoInLogic\proj\smuc\banchmarks\QF_LIA,SIMPLEBITADDER_COMPOSE_64.msat.smt,9000,
P: -file,C:\Users\ofer.guthmann\Dropbox\AlgoInLogic\proj\smuc\banchmarks\QF_IDL,jobshop6-2-3-3-4-4-11.smt,0,72,26,26,1,1,10,159,
P: -file,C:\Users\ofer.guthmann\Dropbox\AlgoInLogic\proj\smuc\banchmarks\QF_RDL,fischer9-mutex-10.smt,9000,
P: -file,C:\Users\ofer.guthmann\Dropbox\AlgoInLogic\proj\smuc\banchmarks\QF_IDL,DTP_k2_n35_c210_s16.smt,9000,
P: -file,C:\Users\ofer.guthmann\Dropbox\AlgoInLogic\proj\smuc\banchmarks\QF_IDL,diamonds.11.10.i.a.u.smt,9000,
P: -file,C:\Users\ofer.guthmann\Dropbox\AlgoInLogic\proj\smuc\banchmarks\QF_UF,PEQ002_size6.smt,9000,
P: -file,C:\Users\ofer.guthmann\Dropbox\AlgoInLogic\proj\smuc\banchmarks\QF_LIA,FISCHER9-8-fair.smt,9000,
P: -file,C:\Users\ofer.guthmann\Dropbox\AlgoInLogic\proj\smuc\banchmarks\QF_LIA,FISCHER10-12-fair.smt,9000,
P: -file,C:\Users\ofer.guthmann\Dropbox\AlgoInLogic\proj\smuc\banchmarks\QF_IDL,PO2-3-PO2.smt,0,1267,97,97,1,1,21,281,
P: -file,C:\Users\ofer.guthmann\Dropbox\AlgoInLogic\proj\smuc\banchmarks\QF_IDL,plan-11.cvc.smt,9000,
P: -file,C:\Users\ofer.guthmann\Dropbox\AlgoInLogic\proj\smuc\banchmarks\QF_UF,NEQ015_size5.smt,9000,
P: -file,C:\Users\ofer.guthmann\Dropbox\AlgoInLogic\proj\smuc\banchmarks\QF_RDL,fischer9-mutex-19.smt,9000,
P: -file,C:\Users\ofer.guthmann\Dropbox\AlgoInLogic\proj\smuc\banchmarks\QF_LIA,FISCHER2-4-fair.smt,0,1442,245,225,1,0,94,43933,
P: -file,C:\Users\ofer.guthmann\Dropbox\AlgoInLogic\proj\smuc\banchmarks\QF_LRA,uart-30.base.cvc.smt,9000,
P: -file,C:\Users\ofer.guthmann\Dropbox\AlgoInLogic\proj\smuc\banchmarks\QF_UF,NEQ031_size8.smt,9000,
P: -file,C:\Users\ofer.guthmann\Dropbox\AlgoInLogic\proj\smuc\banchmarks\QF_LRA,gasburner-prop3-15.smt,9000,
P: -file,C:\Users\ofer.guthmann\Dropbox\AlgoInLogic\proj\smuc\banchmarks\QF_RDL,orb01_900.smt,9000,
P: -file,C:\Users\ofer.guthmann\Dropbox\AlgoInLogic\proj\smuc\banchmarks\QF_RDL,skdmxa-3x3-12.base.cvc.smt,9000,
P: -file,C:\Users\ofer.guthmann\Dropbox\AlgoInLogic\proj\smuc\banchmarks\QF_LRA,uart-31.base.cvc.smt,9000,
P: -file,C:\Users\ofer.guthmann\Dropbox\AlgoInLogic\proj\smuc\banchmarks\QF_UF,NEQ031_size9.smt,9000,
P: -file,C:\Users\ofer.guthmann\Dropbox\AlgoInLogic\proj\smuc\banchmarks\QF_IDL,qlock-4-10-11.base.cvc.smt,9000,
P: -file,C:\Users\ofer.guthmann\Dropbox\AlgoInLogic\proj\smuc\banchmarks\QF_UF,PEQ004_size9.smt,9000,
P: -file,C:\Users\ofer.guthmann\Dropbox\AlgoInLogic\proj\smuc\banchmarks\QF_LIA,ckt_PROP8_tf_10.smt,0,1227,52,0,0,1,193,408,
P: -file,C:\Users\ofer.guthmann\Dropbox\AlgoInLogic\proj\smuc\banchmarks\QF_IDL,qlock-4-10-38.base.cvc.smt,9000,
P: -file,C:\Users\ofer.guthmann\Dropbox\AlgoInLogic\proj\smuc\banchmarks\QF_UF,NEQ041_size7.smt,9000,
P: -file,C:\Users\ofer.guthmann\Dropbox\AlgoInLogic\proj\smuc\banchmarks\QF_RDL,fischer6-mutex-20.smt,9000,
P: -file,C:\Users\ofer.guthmann\Dropbox\AlgoInLogic\proj\smuc\banchmarks\QF_IDL,FISCHER3-2-ninc.smt,0,1080,86,82,1,1,20,69,
P: -file,C:\Users\ofer.guthmann\Dropbox\AlgoInLogic\proj\smuc\banchmarks\QF_LIA,FISCHER5-3-fair.smt,0,2736,384,356,1,0,98,2368,
P: -file,C:\Users\ofer.guthmann\Dropbox\AlgoInLogic\proj\smuc\banchmarks\QF_LRA,simple_startup_15nodes.abstract.induct.smt,9000,
P: -file,C:\Users\ofer.guthmann\Dropbox\AlgoInLogic\proj\smuc\banchmarks\QF_IDL,BubbleSort_safe_blmc016.smt,9000,
P: -file,C:\Users\ofer.guthmann\Dropbox\AlgoInLogic\proj\smuc\banchmarks\QF_LIA,FISCHER10-9-fair.smt,9000,
P: -file,C:\Users\ofer.guthmann\Dropbox\AlgoInLogic\proj\smuc\banchmarks\QF_LIA,MULTIPLIER_15.msat.smt,9000,
P: -file,C:\Users\ofer.guthmann\Dropbox\AlgoInLogic\proj\smuc\banchmarks\QF_LIA,SIMPLEBITADDER_COMPOSE_9.msat.smt,9000,
P: -file,C:\Users\ofer.guthmann\Dropbox\AlgoInLogic\proj\smuc\banchmarks\QF_RDL,fischer9-mutex-6.smt,9000,
P: -file,C:\Users\ofer.guthmann\Dropbox\AlgoInLogic\proj\smuc\banchmarks\QF_RDL,skdmxa-3x3-10.base.cvc.smt,9000,
P: -file,C:\Users\ofer.guthmann\Dropbox\AlgoInLogic\proj\smuc\banchmarks\QF_IDL,inf-bakery-mutex-18.smt,9000,
P: -file,C:\Users\ofer.guthmann\Dropbox\AlgoInLogic\proj\smuc\banchmarks\QF_RDL,skdmxa-3x3-17.base.cvc.smt,9000,
P: -file,C:\Users\ofer.guthmann\Dropbox\AlgoInLogic\proj\smuc\banchmarks\QF_LRA,clocksynchro_8clocks.worst_case_skew.induct.smt,9000,
P: -file,C:\Users\ofer.guthmann\Dropbox\AlgoInLogic\proj\smuc\banchmarks\QF_LIA,MULTIPLIER_10.msat.smt,9000,
P: -file,C:\Users\ofer.guthmann\Dropbox\AlgoInLogic\proj\smuc\banchmarks\QF_IDL,qlock-4-10-35.base.cvc.smt,9000,
P: -file,C:\Users\ofer.guthmann\Dropbox\AlgoInLogic\proj\smuc\banchmarks\QF_LRA,clocksynchro_9clocks.main_invar.induct.smt,9000,
P: -file,C:\Users\ofer.guthmann\Dropbox\AlgoInLogic\proj\smuc\banchmarks\QF_LRA,good_frame_update.induction.smt,0,1073,38,38,1,0,43,229,
P: -file,C:\Users\ofer.guthmann\Dropbox\AlgoInLogic\proj\smuc\banchmarks\QF_RDL,fischer3-mutex-8.smt,9000,
P: -file,C:\Users\ofer.guthmann\Dropbox\AlgoInLogic\proj\smuc\banchmarks\QF_RDL,fischer3-mutex-16.smt,9000,
P: -file,C:\Users\ofer.guthmann\Dropbox\AlgoInLogic\proj\smuc\banchmarks\QF_IDL,BubbleSort_safe_blmc010.smt,9000,
P: -file,C:\Users\ofer.guthmann\Dropbox\AlgoInLogic\proj\smuc\banchmarks\QF_RDL,skdmxa-3x3-5.smt,9000,
P: -file,C:\Users\ofer.guthmann\Dropbox\AlgoInLogic\proj\smuc\banchmarks\QF_LIA,ckt_PROP1_tf_20.smt,9000,
P: -file,C:\Users\ofer.guthmann\Dropbox\AlgoInLogic\proj\smuc\banchmarks\QF_UF,PEQ002_size5.smt,9000,
P: -file,C:\Users\ofer.guthmann\Dropbox\AlgoInLogic\proj\smuc\banchmarks\QF_LIA,FISCHER8-10-fair.smt,9000,
P: -file,C:\Users\ofer.guthmann\Dropbox\AlgoInLogic\proj\smuc\banchmarks\QF_LRA,pd_no_op_accs.induction.smt,0,558,30,0,0,1,22,79,
P: -file,C:\Users\ofer.guthmann\Dropbox\AlgoInLogic\proj\smuc\banchmarks\QF_UF,PEQ004_size7.smt,9000,
P: -file,C:\Users\ofer.guthmann\Dropbox\AlgoInLogic\proj\smuc\banchmarks\QF_RDL,skdmxa-3x3-20.smt,9000,
P: -file,C:\Users\ofer.guthmann\Dropbox\AlgoInLogic\proj\smuc\banchmarks\QF_LRA,clocksynchro_3clocks.main_invar.induct.smt,9000,
P: -file,C:\Users\ofer.guthmann\Dropbox\AlgoInLogic\proj\smuc\banchmarks\QF_IDL,FISCHER13-8-ninc.smt,9000,
P: -file,C:\Users\ofer.guthmann\Dropbox\AlgoInLogic\proj\smuc\banchmarks\QF_RDL,fischer9-mutex-17.smt,9000,
P: -file,C:\Users\ofer.guthmann\Dropbox\AlgoInLogic\proj\smuc\banchmarks\QF_LRA,sc-13.base.cvc.smt,9000,
P: -file,C:\Users\ofer.guthmann\Dropbox\AlgoInLogic\proj\smuc\banchmarks\QF_LIA,ckt_PROP5_tf_15.smt,0,19,4,4,1,1,0,43,
P: -file,C:\Users\ofer.guthmann\Dropbox\AlgoInLogic\proj\smuc\banchmarks\QF_IDL,qlock-4-10-24.base.cvc.smt,9000,
P: -file,C:\Users\ofer.guthmann\Dropbox\AlgoInLogic\proj\smuc\banchmarks\QF_RDL,abz6_900.smt,9000,
P: -file,C:\Users\ofer.guthmann\Dropbox\AlgoInLogic\proj\smuc\banchmarks\QF_LIA,SIMPLEBITADDER_COMPOSE_7.msat.smt,9000,
P: -file,C:\Users\ofer.guthmann\Dropbox\AlgoInLogic\proj\smuc\banchmarks\QF_LRA,gasburner-prop3-12.smt,9000,
P: -file,C:\Users\ofer.guthmann\Dropbox\AlgoInLogic\proj\smuc\banchmarks\QF_LIA,int_incompleteness2.smt,0,4,4,4,1,1,13,524,
P: -file,C:\Users\ofer.guthmann\Dropbox\AlgoInLogic\proj\smuc\banchmarks\QF_LRA,simple_startup_11nodes.abstract.base.smt,0,3423,199,0,0,1,392,15428,
P: -file,C:\Users\ofer.guthmann\Dropbox\AlgoInLogic\proj\smuc\banchmarks\QF_RDL,skdmxa-3x3-14.base.cvc.smt,9000,
P: -file,C:\Users\ofer.guthmann\Dropbox\AlgoInLogic\proj\smuc\banchmarks\QF_RDL,fischer3-mutex-17.smt,9000,
P: -file,C:\Users\ofer.guthmann\Dropbox\AlgoInLogic\proj\smuc\banchmarks\QF_LRA,tgc_io-safe-6.smt,9000,
P: -file,C:\Users\ofer.guthmann\Dropbox\AlgoInLogic\proj\smuc\banchmarks\QF_LIA,SIMPLEBITADDER_COMPOSE_32.msat.smt,9000,
P: -file,C:\Users\ofer.guthmann\Dropbox\AlgoInLogic\proj\smuc\banchmarks\QF_LRA,uart-6.base.cvc.smt,9000,
P: -file,C:\Users\ofer.guthmann\Dropbox\AlgoInLogic\proj\smuc\banchmarks\QF_LIA,MULTIPLIER_32.msat.smt,9000,
P: -file,C:\Users\ofer.guthmann\Dropbox\AlgoInLogic\proj\smuc\banchmarks\QF_LIA,ckt_PROP3_tf_25.smt,9000,
P: -file,C:\Users\ofer.guthmann\Dropbox\AlgoInLogic\proj\smuc\banchmarks\QF_LIA,FISCHER7-7-fair.smt,9000,
P: -file,C:\Users\ofer.guthmann\Dropbox\AlgoInLogic\proj\smuc\banchmarks\QF_IDL,SortingNetwork8_safe_bgmc005.smt,0,8915,33,33,1,1,472,570,
P: -file,C:\Users\ofer.guthmann\Dropbox\AlgoInLogic\proj\smuc\banchmarks\QF_UF,NEQ032_size5.smt,9000,
P: -file,C:\Users\ofer.guthmann\Dropbox\AlgoInLogic\proj\smuc\banchmarks\QF_RDL,fischer9-mutex-9.smt,9000,
P: -file,C:\Users\ofer.guthmann\Dropbox\AlgoInLogic\proj\smuc\banchmarks\QF_RDL,fischer6-mutex-4.smt,9000,
P: -file,C:\Users\ofer.guthmann\Dropbox\AlgoInLogic\proj\smuc\banchmarks\QF_UF,NEQ015_size3.smt,0,2028,40,38,1,0,111,90263,
P: -file,C:\Users\ofer.guthmann\Dropbox\AlgoInLogic\proj\smuc\banchmarks\QF_RDL,fischer9-mutex-15.smt,9000,
P: -file,C:\Users\ofer.guthmann\Dropbox\AlgoInLogic\proj\smuc\banchmarks\QF_LIA,FISCHER7-6-fair.smt,9000,
P: -file,C:\Users\ofer.guthmann\Dropbox\AlgoInLogic\proj\smuc\banchmarks\QF_LRA,sc-36.base.cvc.smt,9000,
P: -file,C:\Users\ofer.guthmann\Dropbox\AlgoInLogic\proj\smuc\banchmarks\QF_LIA,ckt_PROP1_tf_25.smt,9000,
P: -file,C:\Users\ofer.guthmann\Dropbox\AlgoInLogic\proj\smuc\banchmarks\QF_UF,NEQ027_size11.smt,9000,
P: -file,C:\Users\ofer.guthmann\Dropbox\AlgoInLogic\proj\smuc\banchmarks\QF_RDL,fischer6-mutex-6.smt,9000,
P: -file,C:\Users\ofer.guthmann\Dropbox\AlgoInLogic\proj\smuc\banchmarks\QF_LRA,op_seen_less2.induction.smt,0,2159,76,0,0,1,92,5330,
P: -file,C:\Users\ofer.guthmann\Dropbox\AlgoInLogic\proj\smuc\banchmarks\QF_RDL,fischer9-mutex-18.smt,9000,
P: -file,C:\Users\ofer.guthmann\Dropbox\AlgoInLogic\proj\smuc\banchmarks\QF_RDL,skdmxa-3x3-6.base.cvc.smt,9000,
P: -file,C:\Users\ofer.guthmann\Dropbox\AlgoInLogic\proj\smuc\banchmarks\QF_LIA,FISCHER4-2-fair.smt,0,1487,161,160,1,0,63,24920,
P: -file,C:\Users\ofer.guthmann\Dropbox\AlgoInLogic\proj\smuc\banchmarks\QF_LIA,FISCHER11-15-fair.smt,9000,
P: -file,C:\Users\ofer.guthmann\Dropbox\AlgoInLogic\proj\smuc\banchmarks\QF_IDL,inf-bakery-mutex-19.smt,9000,
P: -file,C:\Users\ofer.guthmann\Dropbox\AlgoInLogic\proj\smuc\banchmarks\QF_RDL,fischer3-mutex-9.smt,9000,
P: -file,C:\Users\ofer.guthmann\Dropbox\AlgoInLogic\proj\smuc\banchmarks\QF_RDL,fischer3-mutex-12.smt,9000,
P: -file,C:\Users\ofer.guthmann\Dropbox\AlgoInLogic\proj\smuc\banchmarks\QF_LIA,ckt_PROP8_tf_25.smt,9000,
P: -file,C:\Users\ofer.guthmann\Dropbox\AlgoInLogic\proj\smuc\banchmarks\QF_RDL,skdmxa-3x3-19.base.cvc.smt,9000,
P: -file,C:\Users\ofer.guthmann\Dropbox\AlgoInLogic\proj\smuc\banchmarks\QF_RDL,fischer3-mutex-4.smt,9000,
P: -file,C:\Users\ofer.guthmann\Dropbox\AlgoInLogic\proj\smuc\banchmarks\QF_UF,PEQ003_size8.smt,9000,
P: -file,C:\Users\ofer.guthmann\Dropbox\AlgoInLogic\proj\smuc\banchmarks\QF_RDL,fischer6-mutex-16.smt,9000,
P: -file,C:\Users\ofer.guthmann\Dropbox\AlgoInLogic\proj\smuc\banchmarks\QF_LRA,windowreal-no_t_deadlock-11.smt,9000,
P: -file,C:\Users\ofer.guthmann\Dropbox\AlgoInLogic\proj\smuc\banchmarks\QF_LIA,FISCHER5-2-fair.smt,0,1864,202,201,1,0,56,179,
P: -file,C:\Users\ofer.guthmann\Dropbox\AlgoInLogic\proj\smuc\banchmarks\QF_LRA,pursuit-safety-3.smt,0,428,97,0,0,1,22,187635,
P: -file,C:\Users\ofer.guthmann\Dropbox\AlgoInLogic\proj\smuc\banchmarks\QF_LRA,uart-36.base.cvc.smt,9000,
P: -file,C:\Users\ofer.guthmann\Dropbox\AlgoInLogic\proj\smuc\banchmarks\QF_LRA,uart-27.base.cvc.smt,9000,
P: -file,C:\Users\ofer.guthmann\Dropbox\AlgoInLogic\proj\smuc\banchmarks\QF_LRA,simple_startup_11nodes.abstract.induct.smt,9000,
P: -file,C:\Users\ofer.guthmann\Dropbox\AlgoInLogic\proj\smuc\banchmarks\QF_LIA,FISCHER3-6-fair.smt,9000,
P: -file,C:\Users\ofer.guthmann\Dropbox\AlgoInLogic\proj\smuc\banchmarks\QF_IDL,FISCHER7-3-ninc.smt,0,3775,221,190,1,1,71,1714,
P: -file,C:\Users\ofer.guthmann\Dropbox\AlgoInLogic\proj\smuc\banchmarks\QF_LRA,Carpark2-ausgabe-7.smt,9000,
P: -file,C:\Users\ofer.guthmann\Dropbox\AlgoInLogic\proj\smuc\banchmarks\QF_LRA,gasburner-prop3-2.smt,0,64,20,0,0,1,4,52,
P: -file,C:\Users\ofer.guthmann\Dropbox\AlgoInLogic\proj\smuc\banchmarks\QF_RDL,fischer9-mutex-20.smt,9000,
P: -file,C:\Users\ofer.guthmann\Dropbox\AlgoInLogic\proj\smuc\banchmarks\QF_LIA,FISCHER5-6-fair.smt,9000,
P: -file,C:\Users\ofer.guthmann\Dropbox\AlgoInLogic\proj\smuc\banchmarks\QF_RDL,fischer9-mutex-1.smt,0,1265,126,126,1,1,98,39193,
P: -file,C:\Users\ofer.guthmann\Dropbox\AlgoInLogic\proj\smuc\banchmarks\QF_IDL,bignum_idl1.smt,0,4,4,4,1,1,1,31,
P: -file,C:\Users\ofer.guthmann\Dropbox\AlgoInLogic\proj\smuc\banchmarks\QF_IDL,SelectionSort_safe_blmc004.smt,0,41454,164,164,1,1,1347,2121,
P: -file,C:\Users\ofer.guthmann\Dropbox\AlgoInLogic\proj\smuc\banchmarks\QF_LRA,sc-20.base.cvc.smt,9000,
P: -file,C:\Users\ofer.guthmann\Dropbox\AlgoInLogic\proj\smuc\banchmarks\QF_IDL,PO3-2-PO3.smt,0,2622,80,80,1,1,46,111,
P: -file,C:\Users\ofer.guthmann\Dropbox\AlgoInLogic\proj\smuc\banchmarks\QF_LIA,ParallelPrefixSum_safe_bgmc002.smt,0,6433,26,26,1,1,517,29605,
P: -file,C:\Users\ofer.guthmann\Dropbox\AlgoInLogic\proj\smuc\banchmarks\QF_UF,NEQ032_size3.smt,9000,
P: -file,C:\Users\ofer.guthmann\Dropbox\AlgoInLogic\proj\smuc\banchmarks\QF_UF,NEQ033_size3.smt,0,1464,65,64,1,0,148,42719,
P: -file,C:\Users\ofer.guthmann\Dropbox\AlgoInLogic\proj\smuc\banchmarks\QF_IDL,qlock-4-10-14.base.cvc.smt,9000,
P: -file,C:\Users\ofer.guthmann\Dropbox\AlgoInLogic\proj\smuc\banchmarks\QF_LRA,gasburner-prop3-9.smt,9000,
P: -file,C:\Users\ofer.guthmann\Dropbox\AlgoInLogic\proj\smuc\banchmarks\QF_IDL,qlock-4-10-31.base.cvc.smt,9000,
P: -file,C:\Users\ofer.guthmann\Dropbox\AlgoInLogic\proj\smuc\banchmarks\QF_RDL,fischer9-mutex-16.smt,9000,
P: -file,C:\Users\ofer.guthmann\Dropbox\AlgoInLogic\proj\smuc\banchmarks\QF_LRA,uart-13.base.cvc.smt,9000,
P: -file,C:\Users\ofer.guthmann\Dropbox\AlgoInLogic\proj\smuc\banchmarks\QF_LIA,FISCHER8-11-fair.smt,9000,
P: -file,C:\Users\ofer.guthmann\Dropbox\AlgoInLogic\proj\smuc\banchmarks\QF_UF,PEQ010_size5.smt,9000,
P: -file,C:\Users\ofer.guthmann\Dropbox\AlgoInLogic\proj\smuc\banchmarks\QF_LRA,tgc_io-safe-5.smt,9000,
P: -file,C:\Users\ofer.guthmann\Dropbox\AlgoInLogic\proj\smuc\banchmarks\QF_LIA,FISCHER6-3-fair.smt,0,3292,410,381,1,0,115,4618,
P: -file,C:\Users\ofer.guthmann\Dropbox\AlgoInLogic\proj\smuc\banchmarks\QF_UF,NEQ016_size5.smt,9000,
P: -file,C:\Users\ofer.guthmann\Dropbox\AlgoInLogic\proj\smuc\banchmarks\QF_RDL,fischer3-mutex-15.smt,9000,
P: -file,C:\Users\ofer.guthmann\Dropbox\AlgoInLogic\proj\smuc\banchmarks\QF_RDL,fischer9-mutex-11.smt,9000,
P: -file,C:\Users\ofer.guthmann\Dropbox\AlgoInLogic\proj\smuc\banchmarks\QF_LIA,FISCHER9-13-fair.smt,9000,
P: -file,C:\Users\ofer.guthmann\Dropbox\AlgoInLogic\proj\smuc\banchmarks\QF_UF,NEQ046_size6.smt,9000,
P: -file,C:\Users\ofer.guthmann\Dropbox\AlgoInLogic\proj\smuc\banchmarks\QF_LRA,simple_startup_9nodes.abstract.base.smt,0,2593,165,0,0,1,285,24887,
P: -file,C:\Users\ofer.guthmann\Dropbox\AlgoInLogic\proj\smuc\banchmarks\QF_UF,NEQ015_size6.smt,9000,
P: -file,C:\Users\ofer.guthmann\Dropbox\AlgoInLogic\proj\smuc\banchmarks\QF_LIA,int_incompleteness1.smt,0,1,1,0,1,1,1,7,
P: -file,C:\Users\ofer.guthmann\Dropbox\AlgoInLogic\proj\smuc\banchmarks\QF_LRA,sc-35.base.cvc.smt,9000,
P: -file,C:\Users\ofer.guthmann\Dropbox\AlgoInLogic\proj\smuc\banchmarks\QF_IDL,FISCHER9-2-ninc.smt,0,3309,86,82,1,1,64,138,
P: -file,C:\Users\ofer.guthmann\Dropbox\AlgoInLogic\proj\smuc\banchmarks\QF_LIA,FISCHER8-12-fair.smt,9000,
P: -file,C:\Users\ofer.guthmann\Dropbox\AlgoInLogic\proj\smuc\banchmarks\QF_RDL,orb04_850.smt,0,561,62,59,1,0,170,624,
P: -file,C:\Users\ofer.guthmann\Dropbox\AlgoInLogic\proj\smuc\banchmarks\QF_LRA,sc-18.base.cvc.smt,9000,
P: -file,C:\Users\ofer.guthmann\Dropbox\AlgoInLogic\proj\smuc\banchmarks\QF_IDL,SortingNetwork8_safe_bgmc003.smt,0,4467,13,13,1,1,111,318,
P: -file,C:\Users\ofer.guthmann\Dropbox\AlgoInLogic\proj\smuc\banchmarks\QF_LRA,windowreal-safe-2.smt,0,715,47,46,1,1,23,120,
P: -file,C:\Users\ofer.guthmann\Dropbox\AlgoInLogic\proj\smuc\banchmarks\QF_IDL,SortingNetwork4_safe_bgmc002.smt,0,484,5,5,1,1,35,143,
P: -file,C:\Users\ofer.guthmann\Dropbox\AlgoInLogic\proj\smuc\banchmarks\QF_LRA,simple_startup_7nodes.abstract.induct.smt,9000,
P: -file,C:\Users\ofer.guthmann\Dropbox\AlgoInLogic\proj\smuc\banchmarks\QF_LIA,FISCHER8-8-fair.smt,9000,
P: -file,C:\Users\ofer.guthmann\Dropbox\AlgoInLogic\proj\smuc\banchmarks\QF_IDL,PO4-4-PO4.smt,0,19059,741,740,1,0,480,9971,
P: -file,C:\Users\ofer.guthmann\Dropbox\AlgoInLogic\proj\smuc\banchmarks\QF_LIA,MULTIPLIER_2.msat.smt,0,51,36,35,1,0,7,43943,
P: -file,C:\Users\ofer.guthmann\Dropbox\AlgoInLogic\proj\smuc\banchmarks\QF_LRA,sc-8.base.cvc.smt,9000,
P: -file,C:\Users\ofer.guthmann\Dropbox\AlgoInLogic\proj\smuc\banchmarks\QF_LIA,FISCHER8-2-fair.smt,0,3013,315,314,1,0,241,24973,
P: -file,C:\Users\ofer.guthmann\Dropbox\AlgoInLogic\proj\smuc\banchmarks\QF_LIA,FISCHER11-14-fair.smt,9000,
P: -file,C:\Users\ofer.guthmann\Dropbox\AlgoInLogic\proj\smuc\banchmarks\QF_LRA,simple_startup_5nodes.synchro.base.smt,0,1569,84,84,1,1,73,173,
P: -file,C:\Users\ofer.guthmann\Dropbox\AlgoInLogic\proj\smuc\banchmarks\QF_UF,NEQ048_size7.smt,9000,
P: -file,C:\Users\ofer.guthmann\Dropbox\AlgoInLogic\proj\smuc\banchmarks\QF_UF,PEQ010_size7.smt,9000,
P: -file,C:\Users\ofer.guthmann\Dropbox\AlgoInLogic\proj\smuc\banchmarks\QF_LIA,ckt_PROP2_tf_15.smt,9000,
P: -file,C:\Users\ofer.guthmann\Dropbox\AlgoInLogic\proj\smuc\banchmarks\QF_LIA,SIMPLEBITADDER_COMPOSE_13.msat.smt,9000,
P: -file,C:\Users\ofer.guthmann\Dropbox\AlgoInLogic\proj\smuc\banchmarks\QF_IDL,plan-41.cvc.smt,9000,
P: -file,C:\Users\ofer.guthmann\Dropbox\AlgoInLogic\proj\smuc\banchmarks\QF_UF,PEQ002_size7.smt,9000,
P: -file,C:\Users\ofer.guthmann\Dropbox\AlgoInLogic\proj\smuc\banchmarks\QF_RDL,fischer3-mutex-20.smt,9000,
P: -file,C:\Users\ofer.guthmann\Dropbox\AlgoInLogic\proj\smuc\banchmarks\QF_LRA,clocksynchro_4clocks.main_invar.base.smt,0,629,91,91,1,1,109,24980,
P: -file,C:\Users\ofer.guthmann\Dropbox\AlgoInLogic\proj\smuc\banchmarks\QF_RDL,fischer3-mutex-11.smt,9000,
P: -file,C:\Users\ofer.guthmann\Dropbox\AlgoInLogic\proj\smuc\banchmarks\QF_LIA,SIMPLEBITADDER_COMPOSE_2.msat.smt,9000,
P: -file,C:\Users\ofer.guthmann\Dropbox\AlgoInLogic\proj\smuc\banchmarks\QF_IDL,BubbleSort_safe_blmc008.smt,9000,
P: -file,C:\Users\ofer.guthmann\Dropbox\AlgoInLogic\proj\smuc\banchmarks\QF_LIA,FISCHER10-13-fair.smt,9000,
P: -file,C:\Users\ofer.guthmann\Dropbox\AlgoInLogic\proj\smuc\banchmarks\QF_IDL,inf-bakery-mutex-3.smt,0,315,57,56,1,1,18,110,
P: -file,C:\Users\ofer.guthmann\Dropbox\AlgoInLogic\proj\smuc\banchmarks\QF_UF,NEQ006_size6.smt,9000,
P: -file,C:\Users\ofer.guthmann\Dropbox\AlgoInLogic\proj\smuc\banchmarks\QF_LIA,wisa5.smt,9000,
P: -file,C:\Users\ofer.guthmann\Dropbox\AlgoInLogic\proj\smuc\banchmarks\QF_LIA,FISCHER9-11-fair.smt,9000,
P: -file,C:\Users\ofer.guthmann\Dropbox\AlgoInLogic\proj\smuc\banchmarks\QF_LRA,clocksynchro_8clocks.main_invar.base.smt,0,1529,163,163,1,1,160,1069,
P: -file,C:\Users\ofer.guthmann\Dropbox\AlgoInLogic\proj\smuc\banchmarks\QF_LIA,FISCHER8-9-fair.smt,9000,
P: -file,C:\Users\ofer.guthmann\Dropbox\AlgoInLogic\proj\smuc\banchmarks\QF_IDL,plan-6.cvc.smt,9000,
P: -file,C:\Users\ofer.guthmann\Dropbox\AlgoInLogic\proj\smuc\banchmarks\QF_LRA,clocksynchro_10clocks.main_invar.induct.smt,9000,
P: -file,C:\Users\ofer.guthmann\Dropbox\AlgoInLogic\proj\smuc\banchmarks\QF_IDL,FISCHER14-12-ninc.smt,9000,
P: -file,C:\Users\ofer.guthmann\Dropbox\AlgoInLogic\proj\smuc\banchmarks\QF_LIA,ckt_PROP3_tf_20.smt,9000,
P: -file,C:\Users\ofer.guthmann\Dropbox\AlgoInLogic\proj\smuc\banchmarks\QF_LRA,pursuit-safety-18.smt,9000,
P: -file,C:\Users\ofer.guthmann\Dropbox\AlgoInLogic\proj\smuc\banchmarks\QF_UF,NEQ048_size6.smt,9000,
P: -file,C:\Users\ofer.guthmann\Dropbox\AlgoInLogic\proj\smuc\banchmarks\QF_UF,NEQ027_size10.smt,9000,
P: -file,C:\Users\ofer.guthmann\Dropbox\AlgoInLogic\proj\smuc\banchmarks\QF_RDL,fischer3-mutex-14.smt,9000,
P: -file,C:\Users\ofer.guthmann\Dropbox\AlgoInLogic\proj\smuc\banchmarks\QF_RDL,fischer6-mutex-17.smt,9000,
P: -file,C:\Users\ofer.guthmann\Dropbox\AlgoInLogic\proj\smuc\banchmarks\QF_RDL,fischer6-mutex-12.smt,9000,
P: -file,C:\Users\ofer.guthmann\Dropbox\AlgoInLogic\proj\smuc\banchmarks\QF_LIA,FISCHER7-5-fair.smt,9000,
P: -file,C:\Users\ofer.guthmann\Dropbox\AlgoInLogic\proj\smuc\banchmarks\QF_IDL,plan-42.cvc.smt,9000,
P: -file,C:\Users\ofer.guthmann\Dropbox\AlgoInLogic\proj\smuc\banchmarks\QF_IDL,FISCHER5-1-ninc.smt,0,943,21,21,1,1,16,49,
P: -file,C:\Users\ofer.guthmann\Dropbox\AlgoInLogic\proj\smuc\banchmarks\QF_RDL,abz7_500.smt,9000,
P: -file,C:\Users\ofer.guthmann\Dropbox\AlgoInLogic\proj\smuc\banchmarks\QF_LRA,simple_startup_14nodes.abstract.base.smt,0,4865,251,0,0,1,302,713,
P: -file,C:\Users\ofer.guthmann\Dropbox\AlgoInLogic\proj\smuc\banchmarks\QF_LIA,FISCHER6-7-fair.smt,9000,
P: -file,C:\Users\ofer.guthmann\Dropbox\AlgoInLogic\proj\smuc\banchmarks\QF_UF,NEQ023_size6.smt,9000,
P: -file,C:\Users\ofer.guthmann\Dropbox\AlgoInLogic\proj\smuc\banchmarks\QF_RDL,fischer9-mutex-14.smt,9000,
P: -file,C:\Users\ofer.guthmann\Dropbox\AlgoInLogic\proj\smuc\banchmarks\QF_IDL,BubbleSort_live_blmc010.smt,9000,
P: -file,C:\Users\ofer.guthmann\Dropbox\AlgoInLogic\proj\smuc\banchmarks\QF_RDL,fischer3-mutex-10.smt,9000,
P: -file,C:\Users\ofer.guthmann\Dropbox\AlgoInLogic\proj\smuc\banchmarks\QF_LIA,FISCHER4-6-fair.smt,9000,
P: -file,C:\Users\ofer.guthmann\Dropbox\AlgoInLogic\proj\smuc\banchmarks\QF_UF,PEQ003_size9.smt,9000,
P: -file,C:\Users\ofer.guthmann\Dropbox\AlgoInLogic\proj\smuc\banchmarks\QF_LIA,FISCHER10-3-fair.smt,0,5556,702,641,1,0,434,66743,
P: -file,C:\Users\ofer.guthmann\Dropbox\AlgoInLogic\proj\smuc\banchmarks\QF_RDL,fischer3-mutex-6.smt,9000,
P: -file,C:\Users\ofer.guthmann\Dropbox\AlgoInLogic\proj\smuc\banchmarks\QF_IDL,scen08.smt,9000,
P: -file,C:\Users\ofer.guthmann\Dropbox\AlgoInLogic\proj\smuc\banchmarks\QF_LIA,ParallelPrefixSum_safe_bgmc003.smt,0,11809,58,58,1,1,891,26044,
P: -file,C:\Users\ofer.guthmann\Dropbox\AlgoInLogic\proj\smuc\banchmarks\QF_RDL,fischer9-mutex-4.smt,9000,
P: -file,C:\Users\ofer.guthmann\Dropbox\AlgoInLogic\proj\smuc\banchmarks\QF_RDL,fischer3-mutex-7.smt,9000,
P: -file,C:\Users\ofer.guthmann\Dropbox\AlgoInLogic\proj\smuc\banchmarks\QF_LIA,FISCHER7-11-fair.smt,9000,
P: -file,C:\Users\ofer.guthmann\Dropbox\AlgoInLogic\proj\smuc\banchmarks\QF_LIA,FISCHER10-11-fair.smt,9000,
P: -file,C:\Users\ofer.guthmann\Dropbox\AlgoInLogic\proj\smuc\banchmarks\QF_UF,NEQ048_size9.smt,9000,
P: -file,C:\Users\ofer.guthmann\Dropbox\AlgoInLogic\proj\smuc\banchmarks\QF_UF,NEQ041_size9.smt,9000,
P: -file,C:\Users\ofer.guthmann\Dropbox\AlgoInLogic\proj\smuc\banchmarks\QF_RDL,fischer9-mutex-13.smt,9000,
P: -file,C:\Users\ofer.guthmann\Dropbox\AlgoInLogic\proj\smuc\banchmarks\QF_IDL,qlock-4-10-8.base.cvc.smt,9000,
P: -file,C:\Users\ofer.guthmann\Dropbox\AlgoInLogic\proj\smuc\banchmarks\QF_RDL,fischer9-mutex-12.smt,9000,
P: -file,C:\Users\ofer.guthmann\Dropbox\AlgoInLogic\proj\smuc\banchmarks\QF_LIA,FISCHER5-8-fair.smt,9000,
P: -file,C:\Users\ofer.guthmann\Dropbox\AlgoInLogic\proj\smuc\banchmarks\QF_IDL,qlock-4-10-9.base.cvc.smt,9000,
P: -file,C:\Users\ofer.guthmann\Dropbox\AlgoInLogic\proj\smuc\banchmarks\QF_LIA,SIMPLEBITADDER_COMPOSE_11.msat.smt,9000,
P: -file,C:\Users\ofer.guthmann\Dropbox\AlgoInLogic\proj\smuc\banchmarks\QF_LRA,clocksynchro_6clocks.main_invar.induct.smt,9000,
P: -file,C:\Users\ofer.guthmann\Dropbox\AlgoInLogic\proj\smuc\banchmarks\QF_UF,PEQ003_size7.smt,9000,
P: -file,C:\Users\ofer.guthmann\Dropbox\AlgoInLogic\proj\smuc\banchmarks\QF_LRA,simple_startup_14nodes.abstract.induct.smt,9000,
P: -file,C:\Users\ofer.guthmann\Dropbox\AlgoInLogic\proj\smuc\banchmarks\QF_UF,NEQ016_size6.smt,9000,
P: -file,C:\Users\ofer.guthmann\Dropbox\AlgoInLogic\proj\smuc\banchmarks\QF_LRA,sc-19.base.cvc.smt,9000,
P: -file,C:\Users\ofer.guthmann\Dropbox\AlgoInLogic\proj\smuc\banchmarks\QF_RDL,bignum_rdl2.smt,0,4,4,4,1,1,1,19015,
P: -file,C:\Users\ofer.guthmann\Dropbox\AlgoInLogic\proj\smuc\banchmarks\QF_RDL,fischer3-mutex-2.smt,0,691,91,91,1,1,30,20366,
P: -file,C:\Users\ofer.guthmann\Dropbox\AlgoInLogic\proj\smuc\banchmarks\QF_RDL,fischer3-mutex-1.smt,0,365,42,42,1,1,15,14530,
P: -file,C:\Users\ofer.guthmann\Dropbox\AlgoInLogic\proj\smuc\banchmarks\QF_LRA,uart-32.base.cvc.smt,9000,
P: -file,C:\Users\ofer.guthmann\Dropbox\AlgoInLogic\proj\smuc\banchmarks\QF_RDL,fischer3-mutex-3.smt,0,1017,185,157,1,0,44,40119,
P: -file,C:\Users\ofer.guthmann\Dropbox\AlgoInLogic\proj\smuc\banchmarks\QF_RDL,skdmxa-3x3-9.base.cvc.smt,9000,
P: -file,C:\Users\ofer.guthmann\Dropbox\AlgoInLogic\proj\smuc\banchmarks\QF_LIA,FISCHER4-5-fair.smt,9000,
P: -file,C:\Users\ofer.guthmann\Dropbox\AlgoInLogic\proj\smuc\banchmarks\QF_LRA,uart-25.base.cvc.smt,9000,
P: -file,C:\Users\ofer.guthmann\Dropbox\AlgoInLogic\proj\smuc\banchmarks\QF_UF,PEQ011_size8.smt,9000,
P: -file,C:\Users\ofer.guthmann\Dropbox\AlgoInLogic\proj\smuc\banchmarks\QF_LIA,FISCHER4-4-fair.smt,9000,
P: -file,C:\Users\ofer.guthmann\Dropbox\AlgoInLogic\proj\smuc\banchmarks\QF_LRA,pursuit-safety-12.smt,9000,
P: -file,C:\Users\ofer.guthmann\Dropbox\AlgoInLogic\proj\smuc\banchmarks\QF_LIA,b13_tf_100.smt,0,19,4,4,1,1,2,103,
P: -file,C:\Users\ofer.guthmann\Dropbox\AlgoInLogic\proj\smuc\banchmarks\QF_LIA,ckt_PROP8_tf_15.smt,9000,
P: -file,C:\Users\ofer.guthmann\Dropbox\AlgoInLogic\proj\smuc\banchmarks\QF_LIA,ParallelPrefixSum_live_blmc002.smt,0,22061,19,19,1,1,1719,22119,
P: -file,C:\Users\ofer.guthmann\Dropbox\AlgoInLogic\proj\smuc\banchmarks\QF_IDL,qlock-4-10-29.base.cvc.smt,9000,
P: -file,C:\Users\ofer.guthmann\Dropbox\AlgoInLogic\proj\smuc\banchmarks\QF_IDL,SortingNetwork8_live_blmc006.smt,0,55060,8,8,1,1,1860,2226,
P: -file,C:\Users\ofer.guthmann\Dropbox\AlgoInLogic\proj\smuc\banchmarks\QF_LIA,MULTIPLIER_13.msat.smt,9000,
P: -file,C:\Users\ofer.guthmann\Dropbox\AlgoInLogic\proj\smuc\banchmarks\QF_LRA,sc-21.base.cvc.smt,9000,
P: -file,C:\Users\ofer.guthmann\Dropbox\AlgoInLogic\proj\smuc\banchmarks\QF_LIA,ckt_PROP2_tf_30.smt,9000,
P: -file,C:\Users\ofer.guthmann\Dropbox\AlgoInLogic\proj\smuc\banchmarks\QF_RDL,fischer6-mutex-2.smt,0,1498,203,203,1,1,155,54576,
P: -file,C:\Users\ofer.guthmann\Dropbox\AlgoInLogic\proj\smuc\banchmarks\QF_LRA,clocksynchro_5clocks.worst_case_skew.induct.smt,9000,
P: -file,C:\Users\ofer.guthmann\Dropbox\AlgoInLogic\proj\smuc\banchmarks\QF_RDL,skdmxa-3x3-7.base.cvc.smt,9000,
P: -file,C:\Users\ofer.guthmann\Dropbox\AlgoInLogic\proj\smuc\banchmarks\QF_LRA,tgc_io-safe-3.smt,0,777,73,0,0,1,28,50288,
P: -file,C:\Users\ofer.guthmann\Dropbox\AlgoInLogic\proj\smuc\banchmarks\QF_LRA,clocksynchro_8clocks.main_invar.induct.smt,9000,
P: -file,C:\Users\ofer.guthmann\Dropbox\AlgoInLogic\proj\smuc\banchmarks\QF_LIA,FISCHER8-3-fair.smt,0,4416,633,534,1,0,519,48615,
P: -file,C:\Users\ofer.guthmann\Dropbox\AlgoInLogic\proj\smuc\banchmarks\QF_IDL,MinMax_safe_bgmc002.smt,0,3169,19,19,1,1,138,203,
P: -file,C:\Users\ofer.guthmann\Dropbox\AlgoInLogic\proj\smuc\banchmarks\QF_IDL,qlock-4-10-40.base.cvc.smt,9000,
P: -file,C:\Users\ofer.guthmann\Dropbox\AlgoInLogic\proj\smuc\banchmarks\QF_LIA,SIMPLEBITADDER_COMPOSE_6.msat.smt,9000,
P: -file,C:\Users\ofer.guthmann\Dropbox\AlgoInLogic\proj\smuc\banchmarks\QF_LIA,FISCHER7-10-fair.smt,9000,
P: -file,C:\Users\ofer.guthmann\Dropbox\AlgoInLogic\proj\smuc\banchmarks\QF_LIA,FISCHER9-10-fair.smt,9000,
P: -file,C:\Users\ofer.guthmann\Dropbox\AlgoInLogic\proj\smuc\banchmarks\QF_RDL,skdmxa-3x3-8.base.cvc.smt,9000,
P: -file,C:\Users\ofer.guthmann\Dropbox\AlgoInLogic\proj\smuc\banchmarks\QF_RDL,fischer6-mutex-10.smt,9000,
P: -file,C:\Users\ofer.guthmann\Dropbox\AlgoInLogic\proj\smuc\banchmarks\QF_LRA,bignum_lra2.smt,0,7,7,7,1,1,9,27277,
P: -file,C:\Users\ofer.guthmann\Dropbox\AlgoInLogic\proj\smuc\banchmarks\QF_RDL,fischer9-mutex-7.smt,9000,
P: -file,C:\Users\ofer.guthmann\Dropbox\AlgoInLogic\proj\smuc\banchmarks\QF_LRA,clocksynchro_2clocks.main_invar.induct.smt,9000,
P: -file,C:\Users\ofer.guthmann\Dropbox\AlgoInLogic\proj\smuc\banchmarks\QF_LRA,uart-24.base.cvc.smt,9000,
P: -file,C:\Users\ofer.guthmann\Dropbox\AlgoInLogic\proj\smuc\banchmarks\QF_LIA,wisa2.smt,9000,
P: -file,C:\Users\ofer.guthmann\Dropbox\AlgoInLogic\proj\smuc\banchmarks\QF_LRA,sc-29.base.cvc.smt,9000,
P: -file,C:\Users\ofer.guthmann\Dropbox\AlgoInLogic\proj\smuc\banchmarks\QF_LRA,fs_window.base.smt,9000,
P: -file,C:\Users\ofer.guthmann\Dropbox\AlgoInLogic\proj\smuc\banchmarks\QF_LIA,int_incompleteness3.smt,0,3,3,3,1,1,1,74,
P: -file,C:\Users\ofer.guthmann\Dropbox\AlgoInLogic\proj\smuc\banchmarks\QF_IDL,FISCHER9-7-ninc.smt,9000,
P: -file,C:\Users\ofer.guthmann\Dropbox\AlgoInLogic\proj\smuc\banchmarks\QF_UF,PEQ004_size6.smt,9000,
P: -file,C:\Users\ofer.guthmann\Dropbox\AlgoInLogic\proj\smuc\banchmarks\QF_LIA,FISCHER10-6-fair.smt,9000,
P: -file,C:\Users\ofer.guthmann\Dropbox\AlgoInLogic\proj\smuc\banchmarks\QF_RDL,skdmxa-3x3-5.base.cvc.smt,9000,
P: -file,C:\Users\ofer.guthmann\Dropbox\AlgoInLogic\proj\smuc\banchmarks\QF_UF,NEQ033_size5.smt,9000,
P: -file,C:\Users\ofer.guthmann\Dropbox\AlgoInLogic\proj\smuc\banchmarks\QF_RDL,fischer6-mutex-11.smt,9000,
P: -file,C:\Users\ofer.guthmann\Dropbox\AlgoInLogic\proj\smuc\banchmarks\QF_LIA,FISCHER10-7-fair.smt,9000,
P: -file,C:\Users\ofer.guthmann\Dropbox\AlgoInLogic\proj\smuc\banchmarks\QF_LIA,ckt_PROP5_tf_25.smt,0,19,4,4,1,1,2,87,
P: -file,C:\Users\ofer.guthmann\Dropbox\AlgoInLogic\proj\smuc\banchmarks\QF_RDL,fischer9-mutex-2.smt,0,2449,332,332,1,1,115,107676,
P: -file,C:\Users\ofer.guthmann\Dropbox\AlgoInLogic\proj\smuc\banchmarks\QF_IDL,FISCHER12-12-ninc.smt,9000,
P: -file,C:\Users\ofer.guthmann\Dropbox\AlgoInLogic\proj\smuc\banchmarks\QF_LRA,sc-38.base.cvc.smt,9000,
P: -file,C:\Users\ofer.guthmann\Dropbox\AlgoInLogic\proj\smuc\banchmarks\QF_IDL,plan-29.cvc.smt,9000,
P: -file,C:\Users\ofer.guthmann\Dropbox\AlgoInLogic\proj\smuc\banchmarks\QF_IDL,InsertionSort_safe_bgmc004.smt,0,18354,108,99,1,1,473,631,
P: -file,C:\Users\ofer.guthmann\Dropbox\AlgoInLogic\proj\smuc\banchmarks\QF_IDL,qlock-4-10-18.base.cvc.smt,9000,
P: -file,C:\Users\ofer.guthmann\Dropbox\AlgoInLogic\proj\smuc\banchmarks\QF_RDL,fischer6-mutex-15.smt,9000,
P: -file,C:\Users\ofer.guthmann\Dropbox\AlgoInLogic\proj\smuc\banchmarks\QF_UF,NEQ023_size5.smt,9000,
P: -file,C:\Users\ofer.guthmann\Dropbox\AlgoInLogic\proj\smuc\banchmarks\QF_LRA,op_seen_more1.induction.smt,0,1656,94,0,0,1,80,437,
P: -file,C:\Users\ofer.guthmann\Dropbox\AlgoInLogic\proj\smuc\banchmarks\QF_IDL,inf-bakery-mutex-11.smt,9000,
P: -file,C:\Users\ofer.guthmann\Dropbox\AlgoInLogic\proj\smuc\banchmarks\QF_LIA,FISCHER9-6-fair.smt,9000,
P: -file,C:\Users\ofer.guthmann\Dropbox\AlgoInLogic\proj\smuc\banchmarks\QF_UF,PEQ004_size8.smt,9000,
P: -file,C:\Users\ofer.guthmann\Dropbox\AlgoInLogic\proj\smuc\banchmarks\QF_UF,NEQ033_size6.smt,9000,
P: -file,C:\Users\ofer.guthmann\Dropbox\AlgoInLogic\proj\smuc\banchmarks\QF_LIA,MULTIPLIER_12.msat.smt,9000,
P: -file,C:\Users\ofer.guthmann\Dropbox\AlgoInLogic\proj\smuc\banchmarks\QF_UF,NEQ032_size6.smt,9000,
P: -file,C:\Users\ofer.guthmann\Dropbox\AlgoInLogic\proj\smuc\banchmarks\QF_LRA,windowreal-no_t_deadlock-1.smt,0,313,15,15,1,1,10,28518,
P: -file,C:\Users\ofer.guthmann\Dropbox\AlgoInLogic\proj\smuc\banchmarks\QF_UF,NEQ031_size7.smt,9000,
P: -file,C:\Users\ofer.guthmann\Dropbox\AlgoInLogic\proj\smuc\banchmarks\QF_LRA,sc-16.base.cvc.smt,9000,
P: -file,C:\Users\ofer.guthmann\Dropbox\AlgoInLogic\proj\smuc\banchmarks\QF_RDL,fischer6-mutex-7.smt,9000,
P: -file,C:\Users\ofer.guthmann\Dropbox\AlgoInLogic\proj\smuc\banchmarks\QF_UF,NEQ015_size4.smt,9000,
P: -file,C:\Users\ofer.guthmann\Dropbox\AlgoInLogic\proj\smuc\banchmarks\QF_LIA,MULTIPLIER_14.msat.smt,9000,
P: -file,C:\Users\ofer.guthmann\Dropbox\AlgoInLogic\proj\smuc\banchmarks\QF_LIA,FISCHER6-2-fair.smt,0,2244,237,236,1,0,72,1511,
P: -file,C:\Users\ofer.guthmann\Dropbox\AlgoInLogic\proj\smuc\banchmarks\QF_LRA,sc-22.base.cvc.smt,9000,
P: -file,C:\Users\ofer.guthmann\Dropbox\AlgoInLogic\proj\smuc\banchmarks\QF_LIA,ckt_PROP5_tf_20.smt,0,19,4,4,1,1,1,53,
P: -file,C:\Users\ofer.guthmann\Dropbox\AlgoInLogic\proj\smuc\banchmarks\QF_LRA,clocksynchro_8clocks.worst_case_skew.base.smt,0,209,69,68,1,1,9,24980,
P: -file,C:\Users\ofer.guthmann\Dropbox\AlgoInLogic\proj\smuc\banchmarks\QF_UF,NEQ027_size8.smt,9000,
P: -file,C:\Users\ofer.guthmann\Dropbox\AlgoInLogic\proj\smuc\banchmarks\QF_IDL,plan-20.cvc.smt,9000,
P: -file,C:\Users\ofer.guthmann\Dropbox\AlgoInLogic\proj\smuc\banchmarks\QF_LRA,sc-28.base.cvc.smt,9000,
P: -file,C:\Users\ofer.guthmann\Dropbox\AlgoInLogic\proj\smuc\banchmarks\QF_RDL,fischer6-mutex-3.smt,0,2217,396,298,1,0,97,150514,
P: -file,C:\Users\ofer.guthmann\Dropbox\AlgoInLogic\proj\smuc\banchmarks\QF_IDL,qlock-4-10-36.base.cvc.smt,9000,
P: -file,C:\Users\ofer.guthmann\Dropbox\AlgoInLogic\proj\smuc\banchmarks\QF_UF,NEQ031_size10.smt,9000,
P: -file,C:\Users\ofer.guthmann\Dropbox\AlgoInLogic\proj\smuc\banchmarks\QF_RDL,yn3_750.smt,0,4221,121,121,1,0,2608,3002,
P: -file,C:\Users\ofer.guthmann\Dropbox\AlgoInLogic\proj\smuc\banchmarks\QF_LRA,gasburner-prop3-5.smt,0,181,69,0,0,1,12,37790,
P: -file,C:\Users\ofer.guthmann\Dropbox\AlgoInLogic\proj\smuc\banchmarks\QF_IDL,jobshop12-2-6-6-4-4-11.smt,9000,
P: -file,C:\Users\ofer.guthmann\Dropbox\AlgoInLogic\proj\smuc\banchmarks\QF_LIA,FISCHER11-4-fair.smt,9000,
P: -file,C:\Users\ofer.guthmann\Dropbox\AlgoInLogic\proj\smuc\banchmarks\QF_LIA,ckt_PROP8_tf_30.smt,9000,
P: -file,C:\Users\ofer.guthmann\Dropbox\AlgoInLogic\proj\smuc\banchmarks\QF_LRA,sc-26.base.cvc.smt,9000,
P: -file,C:\Users\ofer.guthmann\Dropbox\AlgoInLogic\proj\smuc\banchmarks\QF_RDL,fischer9-mutex-5.smt,9000,
P: -file,C:\Users\ofer.guthmann\Dropbox\AlgoInLogic\proj\smuc\banchmarks\QF_LRA,no_op_accs.induction.smt,0,558,19,19,1,1,21,530,
P: -file,C:\Users\ofer.guthmann\Dropbox\AlgoInLogic\proj\smuc\banchmarks\QF_UF,PEQ011_size6.smt,9000,
P: -file,C:\Users\ofer.guthmann\Dropbox\AlgoInLogic\proj\smuc\banchmarks\QF_LRA,uart-28.base.cvc.smt,9000,
P: -file,C:\Users\ofer.guthmann\Dropbox\AlgoInLogic\proj\smuc\banchmarks\QF_LIA,FISCHER10-5-fair.smt,9000,
P: -file,C:\Users\ofer.guthmann\Dropbox\AlgoInLogic\proj\smuc\banchmarks\QF_RDL,fischer6-mutex-5.smt,9000,
P: -file,C:\Users\ofer.guthmann\Dropbox\AlgoInLogic\proj\smuc\banchmarks\QF_LIA,MULTIPLIER_7.msat.smt,9000,
P: -file,C:\Users\ofer.guthmann\Dropbox\AlgoInLogic\proj\smuc\banchmarks\QF_LRA,sc-39.base.cvc.smt,9000,
P: -file,C:\Users\ofer.guthmann\Dropbox\AlgoInLogic\proj\smuc\banchmarks\QF_LIA,FISCHER11-12-fair.smt,9000,
P: -file,C:\Users\ofer.guthmann\Dropbox\AlgoInLogic\proj\smuc\banchmarks\QF_LRA,sc-14.base.cvc.smt,9000,
P: -file,C:\Users\ofer.guthmann\Dropbox\AlgoInLogic\proj\smuc\banchmarks\QF_IDL,qlock-4-10-21.base.cvc.smt,9000,
P: -file,C:\Users\ofer.guthmann\Dropbox\AlgoInLogic\proj\smuc\banchmarks\QF_IDL,qlock-4-10-22.base.cvc.smt,9000,
P: -file,C:\Users\ofer.guthmann\Dropbox\AlgoInLogic\proj\smuc\banchmarks\QF_LIA,ckt_PROP2_tf_20.smt,9000,
P: -file,C:\Users\ofer.guthmann\Dropbox\AlgoInLogic\proj\smuc\banchmarks\QF_LIA,MULTIPLIER_11.msat.smt,9000,
P: -file,C:\Users\ofer.guthmann\Dropbox\AlgoInLogic\proj\smuc\banchmarks\QF_LIA,SIMPLEBITADDER_COMPOSE_10.msat.smt,9000,
P: -file,C:\Users\ofer.guthmann\Dropbox\AlgoInLogic\proj\smuc\banchmarks\QF_UF,NEQ006_size5.smt,9000,
P: -file,C:\Users\ofer.guthmann\Dropbox\AlgoInLogic\proj\smuc\banchmarks\QF_IDL,plan-46.cvc.smt,9000,
P: -file,C:\Users\ofer.guthmann\Dropbox\AlgoInLogic\proj\smuc\banchmarks\QF_IDL,DTP_k2_n35_c245_s19.smt,9000,
P: -file,C:\Users\ofer.guthmann\Dropbox\AlgoInLogic\proj\smuc\banchmarks\QF_LIA,FISCHER9-9-fair.smt,9000,
P: -file,C:\Users\ofer.guthmann\Dropbox\AlgoInLogic\proj\smuc\banchmarks\QF_LIA,FISCHER7-8-fair.smt,9000,
P: -file,C:\Users\ofer.guthmann\Dropbox\AlgoInLogic\proj\smuc\banchmarks\QF_RDL,skdmxa-3x3-13.base.cvc.smt,9000,
P: -file,C:\Users\ofer.guthmann\Dropbox\AlgoInLogic\proj\smuc\banchmarks\QF_UF,NEQ041_size8.smt,9000,
P: -file,C:\Users\ofer.guthmann\Dropbox\AlgoInLogic\proj\smuc\banchmarks\QF_LRA,sc-12.base.cvc.smt,9000,
P: -file,C:\Users\ofer.guthmann\Dropbox\AlgoInLogic\proj\smuc\banchmarks\QF_IDL,InsertionSort_safe_blmc004.smt,0,64012,202,187,1,1,2043,2730,
P: -file,C:\Users\ofer.guthmann\Dropbox\AlgoInLogic\proj\smuc\banchmarks\QF_RDL,orb02_700.smt,0,561,38,38,1,1,103,15416,
P: -file,C:\Users\ofer.guthmann\Dropbox\AlgoInLogic\proj\smuc\banchmarks\QF_IDL,lpsat-goal-14.smt,9000,
P: -file,C:\Users\ofer.guthmann\Dropbox\AlgoInLogic\proj\smuc\banchmarks\QF_LRA,sc-6.base.cvc.smt,9000,
P: -file,C:\Users\ofer.guthmann\Dropbox\AlgoInLogic\proj\smuc\banchmarks\QF_RDL,fischer3-mutex-18.smt,9000,
P: -file,C:\Users\ofer.guthmann\Dropbox\AlgoInLogic\proj\smuc\banchmarks\QF_LIA,FISCHER8-7-fair.smt,9000,
P: -file,C:\Users\ofer.guthmann\Dropbox\AlgoInLogic\proj\smuc\banchmarks\QF_LIA,MULTIPLIER_4.msat.smt,9000,
P: -file,C:\Users\ofer.guthmann\Dropbox\AlgoInLogic\proj\smuc\banchmarks\QF_LRA,sc-34.base.cvc.smt,9000,
P: -file,C:\Users\ofer.guthmann\Dropbox\AlgoInLogic\proj\smuc\banchmarks\QF_IDL,qlock-4-10-27.base.cvc.smt,9000,
P: -file,C:\Users\ofer.guthmann\Dropbox\AlgoInLogic\proj\smuc\banchmarks\QF_LRA,sc-31.base.cvc.smt,9000,
P: -file,C:\Users\ofer.guthmann\Dropbox\AlgoInLogic\proj\smuc\banchmarks\QF_IDL,DTP_k2_n35_c245_s1.smt,9000,
P: -file,C:\Users\ofer.guthmann\Dropbox\AlgoInLogic\proj\smuc\banchmarks\QF_IDL,FISCHER13-6-ninc.smt,9000,
P: -file,C:\Users\ofer.guthmann\Dropbox\AlgoInLogic\proj\smuc\banchmarks\QF_LIA,FISCHER9-5-fair.smt,9000,
P: -file,C:\Users\ofer.guthmann\Dropbox\AlgoInLogic\proj\smuc\banchmarks\QF_LIA,SIMPLEBITADDER_COMPOSE_14.msat.smt,9000,
P: -file,C:\Users\ofer.guthmann\Dropbox\AlgoInLogic\proj\smuc\banchmarks\QF_RDL,skdmxa-3x3-11.base.cvc.smt,9000,
P: -file,C:\Users\ofer.guthmann\Dropbox\AlgoInLogic\proj\smuc\banchmarks\QF_UF,PEQ010_size6.smt,9000,
P: -file,C:\Users\ofer.guthmann\Dropbox\AlgoInLogic\proj\smuc\banchmarks\QF_LRA,simple_startup_12nodes.synchro.induct.smt,9000,
P: -file,C:\Users\ofer.guthmann\Dropbox\AlgoInLogic\proj\smuc\banchmarks\QF_LRA,pd_init_op_accs.induction.smt,0,560,30,0,0,1,22,554,
P: -file,C:\Users\ofer.guthmann\Dropbox\AlgoInLogic\proj\smuc\banchmarks\QF_RDL,fischer6-mutex-19.smt,9000,
P: -file,C:\Users\ofer.guthmann\Dropbox\AlgoInLogic\proj\smuc\banchmarks\QF_LIA,FISCHER5-5-fair.smt,9000,
P: -file,C:\Users\ofer.guthmann\Dropbox\AlgoInLogic\proj\smuc\banchmarks\QF_IDL,plan-47.cvc.smt,9000,
P: -file,C:\Users\ofer.guthmann\Dropbox\AlgoInLogic\proj\smuc\banchmarks\QF_LIA,FISCHER6-6-fair.smt,9000,
P: -file,C:\Users\ofer.guthmann\Dropbox\AlgoInLogic\proj\smuc\banchmarks\QF_RDL,abz5_1200.smt,9000,
P: -file,C:\Users\ofer.guthmann\Dropbox\AlgoInLogic\proj\smuc\banchmarks\QF_IDL,plan-43.cvc.smt,9000,
P: -file,C:\Users\ofer.guthmann\Dropbox\AlgoInLogic\proj\smuc\banchmarks\QF_LIA,MULTIPLIER_6.msat.smt,9000,
P: -file,C:\Users\ofer.guthmann\Dropbox\AlgoInLogic\proj\smuc\banchmarks\QF_LRA,uart-38.base.cvc.smt,9000,
P: -file,C:\Users\ofer.guthmann\Dropbox\AlgoInLogic\proj\smuc\banchmarks\QF_IDL,lpsat-goal-1.smt,0,1962,5,5,1,1,82,155,
P: -file,C:\Users\ofer.guthmann\Dropbox\AlgoInLogic\proj\smuc\banchmarks\QF_RDL,orb08_830.smt,9000,
P: -file,C:\Users\ofer.guthmann\Dropbox\AlgoInLogic\proj\smuc\banchmarks\QF_LRA,tgc_io-nosafe-1.smt,0,245,10,10,1,1,8,62,
P: -file,C:\Users\ofer.guthmann\Dropbox\AlgoInLogic\proj\smuc\banchmarks\QF_LRA,reint_to_least.base.smt,0,1099,56,0,0,1,53,23803,
P: -file,C:\Users\ofer.guthmann\Dropbox\AlgoInLogic\proj\smuc\banchmarks\QF_RDL,fischer3-mutex-13.smt,9000,
P: -file,C:\Users\ofer.guthmann\Dropbox\AlgoInLogic\proj\smuc\banchmarks\QF_RDL,orb10_800.smt,0,561,127,126,1,0,581,45113,
P: -file,C:\Users\ofer.guthmann\Dropbox\AlgoInLogic\proj\smuc\banchmarks\QF_IDL,SelectionSort_safe_blmc012.smt,9000,
P: -file,C:\Users\ofer.guthmann\Dropbox\AlgoInLogic\proj\smuc\banchmarks\QF_LRA,sc-32.base.cvc.smt,9000,
P: -file,C:\Users\ofer.guthmann\Dropbox\AlgoInLogic\proj\smuc\banchmarks\QF_LRA,windowreal-no_t_deadlock-15.smt,0,5423,205,183,1,1,235,7492,
P: -file,C:\Users\ofer.guthmann\Dropbox\AlgoInLogic\proj\smuc\banchmarks\QF_UF,PEQ010_size8.smt,9000,
P: -file,C:\Users\ofer.guthmann\Dropbox\AlgoInLogic\proj\smuc\banchmarks\QF_UF,NEQ006_size4.smt,9000,
P: -file,C:\Users\ofer.guthmann\Dropbox\AlgoInLogic\proj\smuc\banchmarks\QF_LIA,MULTIPLIER_9.msat.smt,9000,
P: -file,C:\Users\ofer.guthmann\Dropbox\AlgoInLogic\proj\smuc\banchmarks\QF_LRA,simple_startup_12nodes.abstract.induct.smt,9000,
P: -file,C:\Users\ofer.guthmann\Dropbox\AlgoInLogic\proj\smuc\banchmarks\QF_RDL,fischer6-mutex-8.smt,9000,
P: -file,C:\Users\ofer.guthmann\Dropbox\AlgoInLogic\proj\smuc\banchmarks\QF_LIA,FISCHER11-8-fair.smt,9000,
P: -file,C:\Users\ofer.guthmann\Dropbox\AlgoInLogic\proj\smuc\banchmarks\QF_RDL,skdmxa-3x3-10.smt,9000,
P: -file,C:\Users\ofer.guthmann\Dropbox\AlgoInLogic\proj\smuc\banchmarks\QF_LIA,FISCHER9-7-fair.smt,9000,
P: -file,C:\Users\ofer.guthmann\Dropbox\AlgoInLogic\proj\smuc\banchmarks\QF_UF,NEQ048_size8.smt,9000,
P: -file,C:\Users\ofer.guthmann\Dropbox\AlgoInLogic\proj\smuc\banchmarks\QF_LIA,FISCHER6-5-fair.smt,9000,
P: -file,C:\Users\ofer.guthmann\Dropbox\AlgoInLogic\proj\smuc\banchmarks\QF_RDL,fischer3-mutex-19.smt,9000,
P: -file,C:\Users\ofer.guthmann\Dropbox\AlgoInLogic\proj\smuc\banchmarks\QF_IDL,BubbleSort_safe_blmc014.smt,9000,
P: -file,C:\Users\ofer.guthmann\Dropbox\AlgoInLogic\proj\smuc\banchmarks\QF_RDL,fischer6-mutex-18.smt,9000,
P: -file,C:\Users\ofer.guthmann\Dropbox\AlgoInLogic\proj\smuc\banchmarks\QF_LRA,uart-29.base.cvc.smt,9000,
P: -file,C:\Users\ofer.guthmann\Dropbox\AlgoInLogic\proj\smuc\banchmarks\QF_LRA,clocksynchro_6clocks.worst_case_skew.base.smt,0,121,41,40,1,1,6,20151,
P: -file,C:\Users\ofer.guthmann\Dropbox\AlgoInLogic\proj\smuc\banchmarks\QF_UF,NEQ004_size7.smt,9000,
P: -file,C:\Users\ofer.guthmann\Dropbox\AlgoInLogic\proj\smuc\banchmarks\QF_LIA,ParallelPrefixSum_safe_bgmc004.smt,0,16886,90,90,1,1,1492,25915,
P: -file,C:\Users\ofer.guthmann\Dropbox\AlgoInLogic\proj\smuc\banchmarks\QF_LIA,ParallelPrefixSum_live_bgmc003.smt,0,10993,18,18,1,1,898,40154,
P: -file,C:\Users\ofer.guthmann\Dropbox\AlgoInLogic\proj\smuc\banchmarks\QF_LIA,ParallelPrefixSum_safe_blmc006.smt,0,75964,178,173,1,1,3345,7360,
P: -file,C:\Users\ofer.guthmann\Dropbox\AlgoInLogic\proj\smuc\banchmarks\QF_IDL,qlock-4-10-32.base.cvc.smt,9000,
P: -file,C:\Users\ofer.guthmann\Dropbox\AlgoInLogic\proj\smuc\banchmarks\QF_LIA,FISCHER8-5-fair.smt,9000,
P: -file,C:\Users\ofer.guthmann\Dropbox\AlgoInLogic\proj\smuc\banchmarks\QF_LRA,gasburner-prop3-6.smt,0,218,82,0,0,1,15,53467,
P: -file,C:\Users\ofer.guthmann\Dropbox\AlgoInLogic\proj\smuc\banchmarks\QF_LIA,FISCHER9-3-fair.smt,0,4984,692,576,1,0,199,17283,
P: -file,C:\Users\ofer.guthmann\Dropbox\AlgoInLogic\proj\smuc\banchmarks\QF_LIA,SIMPLEBITADDER_COMPOSE_5.msat.smt,9000,
P: -file,C:\Users\ofer.guthmann\Dropbox\AlgoInLogic\proj\smuc\banchmarks\QF_LIA,FISCHER11-7-fair.smt,9000,
P: -file,C:\Users\ofer.guthmann\Dropbox\AlgoInLogic\proj\smuc\banchmarks\QF_IDL,qlock-4-10-19.base.cvc.smt,9000,
P: -file,C:\Users\ofer.guthmann\Dropbox\AlgoInLogic\proj\smuc\banchmarks\QF_RDL,fischer3-mutex-5.smt,9000,
P: -file,C:\Users\ofer.guthmann\Dropbox\AlgoInLogic\proj\smuc\banchmarks\QF_LRA,gasburner-prop3-13.smt,9000,
P: -file,C:\Users\ofer.guthmann\Dropbox\AlgoInLogic\proj\smuc\banchmarks\QF_IDL,int_incompleteness1.smt,0,5,5,5,1,1,1,95,
P: -file,C:\Users\ofer.guthmann\Dropbox\AlgoInLogic\proj\smuc\banchmarks\QF_LIA,FISCHER4-3-fair.smt,0,2184,328,297,1,0,134,15746,
P: -file,C:\Users\ofer.guthmann\Dropbox\AlgoInLogic\proj\smuc\banchmarks\QF_LRA,gasburner-prop3-20.smt,9000,
P: -file,C:\Users\ofer.guthmann\Dropbox\AlgoInLogic\proj\smuc\banchmarks\QF_LIA,ckt_PROP2_tf_10.smt,0,145,20,0,0,1,11,77845,
P: -file,C:\Users\ofer.guthmann\Dropbox\AlgoInLogic\proj\smuc\banchmarks\QF_UF,NEQ004_size5.smt,9000,
P: -file,C:\Users\ofer.guthmann\Dropbox\AlgoInLogic\proj\smuc\banchmarks\QF_UF,PEQ011_size7.smt,9000,
P: -file,C:\Users\ofer.guthmann\Dropbox\AlgoInLogic\proj\smuc\banchmarks\QF_RDL,fischer6-mutex-1.smt,0,779,84,84,1,1,31,551,
P: -file,C:\Users\ofer.guthmann\Dropbox\AlgoInLogic\proj\smuc\banchmarks\QF_LIA,SIMPLEBITADDER_COMPOSE_12.msat.smt,9000,
P: -file,C:\Users\ofer.guthmann\Dropbox\AlgoInLogic\proj\smuc\banchmarks\QF_LRA,uart-12.base.cvc.smt,9000,
P: -file,C:\Users\ofer.guthmann\Dropbox\AlgoInLogic\proj\smuc\banchmarks\QF_IDL,BubbleSort_safe_blmc012.smt,9000,
P: -file,C:\Users\ofer.guthmann\Dropbox\AlgoInLogic\proj\smuc\banchmarks\QF_UF,NEQ006_size3.smt,9000,
P: -file,C:\Users\ofer.guthmann\Dropbox\AlgoInLogic\proj\smuc\banchmarks\QF_LRA,fs_frame_gap.induction.smt,0,1669,106,0,0,1,168,34567,
P: -file,C:\Users\ofer.guthmann\Dropbox\AlgoInLogic\proj\smuc\banchmarks\QF_LRA,windowreal-no_t_deadlock-2.smt,0,678,33,27,1,1,21,333,
P: -file,C:\Users\ofer.guthmann\Dropbox\AlgoInLogic\proj\smuc\banchmarks\QF_LIA,FISCHER7-2-fair.smt,0,2627,275,274,1,0,216,24928,
P: -file,C:\Users\ofer.guthmann\Dropbox\AlgoInLogic\proj\smuc\banchmarks\QF_IDL,DTP_k2_n35_c245_s16.smt,9000,
P: -file,C:\Users\ofer.guthmann\Dropbox\AlgoInLogic\proj\smuc\banchmarks\QF_LRA,simple_startup_9nodes.abstract.induct.smt,9000,
P: -file,C:\Users\ofer.guthmann\Dropbox\AlgoInLogic\proj\smuc\banchmarks\QF_IDL,qlock-4-10-26.base.cvc.smt,9000,
P: -file,C:\Users\ofer.guthmann\Dropbox\AlgoInLogic\proj\smuc\banchmarks\QF_LIA,FISCHER10-4-fair.smt,9000,
P: -file,C:\Users\ofer.guthmann\Dropbox\AlgoInLogic\proj\smuc\banchmarks\QF_LIA,ParallelPrefixSum_safe_bgmc005.smt,0,21887,115,113,0,1,1534,22358,
P: -file,C:\Users\ofer.guthmann\Dropbox\AlgoInLogic\proj\smuc\banchmarks\QF_LIA,FISCHER3-5-fair.smt,9000,
P: -file,C:\Users\ofer.guthmann\Dropbox\AlgoInLogic\proj\smuc\banchmarks\QF_IDL,bignum_idl2.smt,0,4,4,4,1,1,0,32,
P: -file,C:\Users\ofer.guthmann\Dropbox\AlgoInLogic\proj\smuc\banchmarks\QF_IDL,inf-bakery-mutex-4.smt,0,413,115,99,1,0,14,85571,
P: -file,C:\Users\ofer.guthmann\Dropbox\AlgoInLogic\proj\smuc\banchmarks\QF_UF,NEQ033_size4.smt,9000,
P: -file,C:\Users\ofer.guthmann\Dropbox\AlgoInLogic\proj\smuc\banchmarks\QF_LRA,clocksynchro_3clocks.worst_case_skew.base.smt,0,34,14,13,1,1,3,15418,
P: -file,C:\Users\ofer.guthmann\Dropbox\AlgoInLogic\proj\smuc\banchmarks\QF_LRA,tgc_io-safe-15.smt,9000,
P: -file,C:\Users\ofer.guthmann\Dropbox\AlgoInLogic\proj\smuc\banchmarks\QF_IDL,FISCHER12-11-ninc.smt,9000,
P: -file,C:\Users\ofer.guthmann\Dropbox\AlgoInLogic\proj\smuc\banchmarks\QF_RDL,skdmxa-3x3-15.base.cvc.smt,9000,
P: -file,C:\Users\ofer.guthmann\Dropbox\AlgoInLogic\proj\smuc\banchmarks\QF_LRA,sc-9.base.cvc.smt,9000,
P: -file,C:\Users\ofer.guthmann\Dropbox\AlgoInLogic\proj\smuc\banchmarks\QF_LRA,tgc_io-safe-14.smt,9000,
P: -file,C:\Users\ofer.guthmann\Dropbox\AlgoInLogic\proj\smuc\banchmarks\QF_UF,NEQ023_size4.smt,9000,
P: -file,C:\Users\ofer.guthmann\Dropbox\AlgoInLogic\proj\smuc\banchmarks\QF_LIA,FISCHER11-13-fair.smt,9000,
P: -file,C:\Users\ofer.guthmann\Dropbox\AlgoInLogic\proj\smuc\banchmarks\QF_RDL,fischer6-mutex-14.smt,9000,
P: -file,C:\Users\ofer.guthmann\Dropbox\AlgoInLogic\proj\smuc\banchmarks\QF_LRA,pursuit-safety-9.smt,9000,
P: -file,C:\Users\ofer.guthmann\Dropbox\AlgoInLogic\proj\smuc\banchmarks\QF_LRA,simple_startup_10nodes.abstract.base.smt,0,2995,182,0,0,1,372,20230,
P: -file,C:\Users\ofer.guthmann\Dropbox\AlgoInLogic\proj\smuc\banchmarks\QF_IDL,SortingNetwork8_safe_blmc008.smt,0,50578,44,44,1,1,1778,2130,
P: -file,C:\Users\ofer.guthmann\Dropbox\AlgoInLogic\proj\smuc\banchmarks\QF_LRA,tgc_io-nosafe-4.smt,0,1035,123,0,0,1,38,8141,
P: -file,C:\Users\ofer.guthmann\Dropbox\AlgoInLogic\proj\smuc\banchmarks\QF_LRA,pursuit-safety-4.smt,9000,
P: -file,C:\Users\ofer.guthmann\Dropbox\AlgoInLogic\proj\smuc\banchmarks\QF_LRA,fs_no_op_accs.base.smt,9000,
P: -file,C:\Users\ofer.guthmann\Dropbox\AlgoInLogic\proj\smuc\banchmarks\QF_LRA,sc-17.base.cvc.smt,9000,
P: -file,C:\Users\ofer.guthmann\Dropbox\AlgoInLogic\proj\smuc\banchmarks\QF_LRA,clocksynchro_4clocks.worst_case_skew.base.smt,0,57,21,20,1,1,4,24938,
P: -file,C:\Users\ofer.guthmann\Dropbox\AlgoInLogic\proj\smuc\banchmarks\QF_LIA,FISCHER7-4-fair.smt,9000,
P: -file,C:\Users\ofer.guthmann\Dropbox\AlgoInLogic\proj\smuc\banchmarks\QF_RDL,skdmxa-3x3-20.base.cvc.smt,9000,
P: -file,C:\Users\ofer.guthmann\Dropbox\AlgoInLogic\proj\smuc\banchmarks\QF_LIA,MULTIPLIER_8.msat.smt,9000,
P: -file,C:\Users\ofer.guthmann\Dropbox\AlgoInLogic\proj\smuc\banchmarks\QF_IDL,PO4-8-PO4.smt,9000,
P: -file,C:\Users\ofer.guthmann\Dropbox\AlgoInLogic\proj\smuc\banchmarks\QF_UF,NEQ046_size3.smt,0,2352,26,22,1,0,119,12628,
P: -file,C:\Users\ofer.guthmann\Dropbox\AlgoInLogic\proj\smuc\banchmarks\QF_RDL,orb07_330.smt,0,561,93,93,1,0,101,295,
P: -file,C:\Users\ofer.guthmann\Dropbox\AlgoInLogic\proj\smuc\banchmarks\QF_LRA,clocksynchro_4clocks.worst_case_skew.induct.smt,9000,
P: -file,C:\Users\ofer.guthmann\Dropbox\AlgoInLogic\proj\smuc\banchmarks\QF_LIA,ParallelPrefixSum_safe_blmc002.smt,0,27826,63,61,1,1,1157,1502,
P: -file,C:\Users\ofer.guthmann\Dropbox\AlgoInLogic\proj\smuc\banchmarks\QF_IDL,PO3-5-PO3.smt,0,6408,482,433,1,0,198,74848,
P: -file,C:\Users\ofer.guthmann\Dropbox\AlgoInLogic\proj\smuc\banchmarks\QF_IDL,qlock-4-10-39.base.cvc.smt,9000,
P: -file,C:\Users\ofer.guthmann\Dropbox\AlgoInLogic\proj\smuc\banchmarks\QF_RDL,fischer6-mutex-9.smt,9000,
P: -file,C:\Users\ofer.guthmann\Dropbox\AlgoInLogic\proj\smuc\banchmarks\QF_LRA,uart-39.base.cvc.smt,9000,
P: -file,C:\Users\ofer.guthmann\Dropbox\AlgoInLogic\proj\smuc\banchmarks\QF_UF,NEQ041_size6.smt,9000,
P: -file,C:\Users\ofer.guthmann\Dropbox\AlgoInLogic\proj\smuc\banchmarks\QF_LRA,simple_startup_6nodes.abstract.induct.smt,9000,
P: -file,C:\Users\ofer.guthmann\Dropbox\AlgoInLogic\proj\smuc\banchmarks\QF_IDL,qlock-4-10-34.base.cvc.smt,9000,
P: -file,C:\Users\ofer.guthmann\Dropbox\AlgoInLogic\proj\smuc\banchmarks\QF_UF,NEQ016_size7.smt,9000,
P: -file,C:\Users\ofer.guthmann\Dropbox\AlgoInLogic\proj\smuc\banchmarks\QF_LRA,uart-26.base.cvc.smt,9000,
P: -file,C:\Users\ofer.guthmann\Dropbox\AlgoInLogic\proj\smuc\banchmarks\QF_LRA,sc-27.base.cvc.smt,9000,
P: -file,C:\Users\ofer.guthmann\Dropbox\AlgoInLogic\proj\smuc\banchmarks\QF_LIA,ckt_PROP2_tf_25.smt,9000,
P: -file,C:\Users\ofer.guthmann\Dropbox\AlgoInLogic\proj\smuc\banchmarks\QF_LRA,windowreal-no_t_deadlock-8.smt,0,2868,104,99,1,1,108,520,
P: -file,C:\Users\ofer.guthmann\Dropbox\AlgoInLogic\proj\smuc\banchmarks\QF_IDL,ckt_PROP2_tf_30.smt,9000,
P: -file,C:\Users\ofer.guthmann\Dropbox\AlgoInLogic\proj\smuc\banchmarks\QF_UF,NEQ016_size8.smt,9000,
P: -file,C:\Users\ofer.guthmann\Dropbox\AlgoInLogic\proj\smuc\banchmarks\QF_IDL,BubbleSort_live_bgmc011.smt,9000,
P: -file,C:\Users\ofer.guthmann\Dropbox\AlgoInLogic\proj\smuc\banchmarks\QF_LRA,simple_startup_7nodes.synchro.base.smt,0,2467,118,118,1,1,121,254,
P: -file,C:\Users\ofer.guthmann\Dropbox\AlgoInLogic\proj\smuc\banchmarks\QF_LRA,clocksynchro_7clocks.main_invar.induct.smt,9000,
P: -file,C:\Users\ofer.guthmann\Dropbox\AlgoInLogic\proj\smuc\banchmarks\QF_LIA,SIMPLEBITADDER_COMPOSE_3.msat.smt,9000,
P: -file,C:\Users\ofer.guthmann\Dropbox\AlgoInLogic\proj\smuc\banchmarks\QF_LRA,sc-23.base.cvc.smt,9000,
P: -file,C:\Users\ofer.guthmann\Dropbox\AlgoInLogic\proj\smuc\banchmarks\QF_LIA,SIMPLEBITADDER_COMPOSE_8.msat.smt,9000,
P: -file,C:\Users\ofer.guthmann\Dropbox\AlgoInLogic\proj\smuc\banchmarks\QF_IDL,FISCHER13-5-ninc.smt,9000,
P: -file,C:\Users\ofer.guthmann\Dropbox\AlgoInLogic\proj\smuc\banchmarks\QF_LIA,FISCHER2-6-fair.smt,9000,
P: -file,C:\Users\ofer.guthmann\Dropbox\AlgoInLogic\proj\smuc\banchmarks\QF_IDL,FastMax_live_blmc000.smt,0,796,3,3,1,1,19,63,
P: -file,C:\Users\ofer.guthmann\Dropbox\AlgoInLogic\proj\smuc\banchmarks\QF_IDL,FISCHER11-11-ninc.smt,9000,
P: -file,C:\Users\ofer.guthmann\Dropbox\AlgoInLogic\proj\smuc\banchmarks\QF_LIA,FISCHER11-11-fair.smt,9000,
P: -file,C:\Users\ofer.guthmann\Dropbox\AlgoInLogic\proj\smuc\banchmarks\QF_LRA,tgc_io-safe-9.smt,9000,
P: -file,C:\Users\ofer.guthmann\Dropbox\AlgoInLogic\proj\smuc\banchmarks\QF_LRA,simple_startup_5nodes.synchro.induct.smt,9000,
P: -file,C:\Users\ofer.guthmann\Dropbox\AlgoInLogic\proj\smuc\banchmarks\QF_RDL,skdmxa-3x3-16.base.cvc.smt,9000,
P: -file,C:\Users\ofer.guthmann\Dropbox\AlgoInLogic\proj\smuc\banchmarks\QF_LRA,uart-34.base.cvc.smt,9000,
P: -file,C:\Users\ofer.guthmann\Dropbox\AlgoInLogic\proj\smuc\banchmarks\QF_RDL,skdmxa-3x3-15.smt,9000,
P: -file,C:\Users\ofer.guthmann\Dropbox\AlgoInLogic\proj\smuc\banchmarks\QF_UF,PEQ002_size8.smt,9000,
P: -file,C:\Users\ofer.guthmann\Dropbox\AlgoInLogic\proj\smuc\banchmarks\QF_UF,NEQ046_size4.smt,9000,
P: -file,C:\Users\ofer.guthmann\Dropbox\AlgoInLogic\proj\smuc\banchmarks\QF_LIA,FISCHER9-12-fair.smt,9000,
P: -file,C:\Users\ofer.guthmann\Dropbox\AlgoInLogic\proj\smuc\banchmarks\QF_LIA,SIMPLEBITADDER_COMPOSE_15.msat.smt,9000,
P: -file,C:\Users\ofer.guthmann\Dropbox\AlgoInLogic\proj\smuc\banchmarks\QF_IDL,FISCHER4-4-ninc.smt,9000,
P: -file,C:\Users\ofer.guthmann\Dropbox\AlgoInLogic\proj\smuc\banchmarks\QF_IDL,Partition_safe_bgmc002.smt,0,2283,37,37,1,1,97,186,
P: -file,C:\Users\ofer.guthmann\Dropbox\AlgoInLogic\proj\smuc\banchmarks\QF_LIA,bignum_lia1.smt,0,7,7,7,1,1,5,538,
P: -file,C:\Users\ofer.guthmann\Dropbox\AlgoInLogic\proj\smuc\banchmarks\QF_LRA,tgc_io-safe-2.smt,0,519,30,28,1,1,17,98,
P: -file,C:\Users\ofer.guthmann\Dropbox\AlgoInLogic\proj\smuc\banchmarks\QF_LRA,tgc_io-safe-12.smt,9000,
P: -file,C:\Users\ofer.guthmann\Dropbox\AlgoInLogic\proj\smuc\banchmarks\QF_LIA,MULTIPLIER_16.msat.smt,9000,
P: -file,C:\Users\ofer.guthmann\Dropbox\AlgoInLogic\proj\smuc\banchmarks\QF_LRA,tgc_io-safe-11.smt,9000,
P: -file,C:\Users\ofer.guthmann\Dropbox\AlgoInLogic\proj\smuc\banchmarks\QF_LIA,FISCHER11-10-fair.smt,9000,
P: -file,C:\Users\ofer.guthmann\Dropbox\AlgoInLogic\proj\smuc\banchmarks\QF_LIA,FISCHER1-5-fair.smt,0,923,111,105,1,1,30,354,
P: -file,C:\Users\ofer.guthmann\Dropbox\AlgoInLogic\proj\smuc\banchmarks\QF_IDL,cache_neg.1step.smt,0,153,5,5,1,1,4,68,
P: -file,C:\Users\ofer.guthmann\Dropbox\AlgoInLogic\proj\smuc\banchmarks\QF_LIA,SIMPLEBITADDER_COMPOSE_16.msat.smt,9000,
P: -file,C:\Users\ofer.guthmann\Dropbox\AlgoInLogic\proj\smuc\banchmarks\QF_RDL,fischer6-mutex-13.smt,9000,
P: -file,C:\Users\ofer.guthmann\Dropbox\AlgoInLogic\proj\smuc\banchmarks\QF_LRA,uart-11.base.cvc.smt,9000,
P: -file,C:\Users\ofer.guthmann\Dropbox\AlgoInLogic\proj\smuc\banchmarks\QF_LRA,uart-33.base.cvc.smt,9000,
P: -file,C:\Users\ofer.guthmann\Dropbox\AlgoInLogic\proj\smuc\banchmarks\QF_LIA,FISCHER5-7-fair.smt,9000,
P: -file,C:\Users\ofer.guthmann\Dropbox\AlgoInLogic\proj\smuc\banchmarks\QF_LIA,FISCHER10-14-fair.smt,9000,
P: -file,C:\Users\ofer.guthmann\Dropbox\AlgoInLogic\proj\smuc\banchmarks\QF_UF,NEQ004_size4.smt,9000,
P: -file,C:\Users\ofer.guthmann\Dropbox\AlgoInLogic\proj\smuc\banchmarks\QF_UF,NEQ027_size9.smt,9000,
P: -file,C:\Users\ofer.guthmann\Dropbox\AlgoInLogic\proj\smuc\banchmarks\QF_LRA,clocksynchro_5clocks.main_invar.induct.smt,9000,
P: -file,C:\Users\ofer.guthmann\Dropbox\AlgoInLogic\proj\smuc\banchmarks\QF_LRA,simple_startup_8nodes.abstract.induct.smt,9000,
P: -file,C:\Users\ofer.guthmann\Dropbox\AlgoInLogic\proj\smuc\banchmarks\QF_LIA,FISCHER10-10-fair.smt,9000,
P: -file,C:\Users\ofer.guthmann\Dropbox\AlgoInLogic\proj\smuc\banchmarks\QF_UF,NEQ032_size4.smt,9000,
P: -file,C:\Users\ofer.guthmann\Dropbox\AlgoInLogic\proj\smuc\banchmarks\QF_RDL,fischer9-mutex-8.smt,9000,
P: -file,C:\Users\ofer.guthmann\Dropbox\AlgoInLogic\proj\smuc\banchmarks\QF_RDL,fischer9-mutex-3.smt,9000,
P: -file,C:\Users\ofer.guthmann\Dropbox\AlgoInLogic\proj\smuc\banchmarks\QF_IDL,Partition_safe_blmc002.smt,0,10146,210,162,1,1,417,5504,
P: -file,C:\Users\ofer.guthmann\Dropbox\AlgoInLogic\proj\smuc\banchmarks\QF_LRA,uart-19.base.cvc.smt,9000,
P: -file,C:\Users\ofer.guthmann\Dropbox\AlgoInLogic\proj\smuc\banchmarks\QF_UF,NEQ023_size7.smt,9000,
P: -file,C:\Users\ofer.guthmann\Dropbox\AlgoInLogic\proj\smuc\banchmarks\QF_IDL,SortingNetwork4_safe_bgmc003.smt,0,949,11,11,1,1,23,59,
P: -file,C:\Users\ofer.guthmann\Dropbox\AlgoInLogic\proj\smuc\banchmarks\QF_IDL,FISCHER8-5-ninc.smt,9000,
P: -file,C:\Users\ofer.guthmann\Dropbox\AlgoInLogic\proj\smuc\banchmarks\QF_LIA,FISCHER11-6-fair.smt,9000,
P: -file,C:\Users\ofer.guthmann\Dropbox\AlgoInLogic\proj\smuc\banchmarks\QF_LIA,FISCHER9-4-fair.smt,9000,
P: -file,C:\Users\ofer.guthmann\Dropbox\AlgoInLogic\proj\smuc\banchmarks\QF_LIA,ParallelPrefixSum_safe_blmc004.smt,0,52231,132,132,1,1,2368,3213,
P: -file,C:\Users\ofer.guthmann\Dropbox\AlgoInLogic\proj\smuc\banchmarks\QF_LIA,FISCHER7-9-fair.smt,9000,
